timestamp	company	status
2026-09-12T07:09:45.984Z	LinkedIn	reachable
2026-09-12T07:09:45.984Z	InMobi	reachable
2026-09-12T07:09:45.984Z	Airbnb	reachable
2026-09-12T07:09:45.984Z	Bloomreach	reachable
2026-09-12T07:09:45.984Z	Instabase	reachable
2026-09-12T07:09:45.984Z	Postman	reachable
2026-09-12T07:09:45.984Z	Rubrik	reachable
2026-09-12T07:09:45.984Z	Stripe	reachable
2026-09-12T07:09:45.984Z	WorldQuant	reachable
2026-09-12T07:09:45.984Z	Datadog	reachable
2026-09-12T07:09:45.984Z	Twilio	reachable
2026-09-12T07:09:45.984Z	Coinbase	reachable
2026-09-12T07:09:45.984Z	GitLab	reachable
2026-09-12T07:09:45.984Z	Okta	reachable
2026-09-12T07:09:45.984Z	Block	reachable
2026-09-12T07:09:45.984Z	DoorDash	reachable
2026-09-12T07:09:45.984Z	ServiceNow	reachable
2026-09-12T07:09:45.984Z	Grab	reachable
2026-09-12T07:09:45.984Z	Swiggy	reachable
2026-09-12T07:09:45.984Z	Whatfix	reachable
2026-09-12T07:09:45.984Z	Freshworks	reachable
2026-09-12T07:09:45.984Z	SanDisk	reachable
2026-09-12T07:09:45.984Z	Confluent	reachable
2026-09-12T07:09:45.984Z	LG Ad Solutions	reachable
2026-09-12T07:09:45.984Z	Adobe	network
2026-09-12T07:09:45.984Z	Broadcom	network
2026-09-12T07:09:45.984Z	BrowserStack	network
2026-09-12T07:09:45.984Z	Cloud Software Group	network
2026-09-12T07:09:45.984Z	Nvidia	network
2026-09-12T07:09:45.984Z	Salesforce	reachable
2026-09-12T07:09:45.984Z	Oracle	reachable
2026-09-12T07:09:45.984Z	JPMorgan Chase	reachable
2026-09-12T07:09:45.984Z	Nutanix	reachable
2026-09-12T07:09:45.984Z	GitHub	empty
2026-09-12T07:09:45.984Z	Microsoft	reachable
2026-09-12T07:09:45.984Z	Razorpay	reachable
2026-09-12T07:09:45.984Z	Shopify	reachable
2026-09-12T07:09:45.984Z	Google	reachable
2026-09-12T07:09:45.984Z	ARM	reachable
2026-09-12T07:09:45.984Z	Sumo Logic	reachable
2026-09-12T07:09:45.984Z	Box8	reachable
2026-09-12T07:09:45.984Z	Aviso	reachable
2026-09-12T07:09:45.984Z	Samsung	reachable
2026-09-12T07:09:45.984Z	RemoteOK	reachable
2026-09-12T07:09:45.984Z	Remotive	reachable
2026-09-12T07:09:45.984Z	Himalayas	reachable
2026-09-12T07:09:45.984Z	We Work Remotely	reachable
2026-09-12T07:09:45.984Z	Working Nomads	reachable
2026-09-12T07:09:45.984Z	Jobicy	reachable
2026-09-12T08:02:09.179Z	LinkedIn	reachable
2026-09-12T08:02:09.179Z	InMobi	reachable
2026-09-12T08:02:09.179Z	Airbnb	reachable
2026-09-12T08:02:09.179Z	Bloomreach	reachable
2026-09-12T08:02:09.179Z	Instabase	reachable
2026-09-12T08:02:09.179Z	Postman	reachable
2026-09-12T08:02:09.179Z	Rubrik	reachable
2026-09-12T08:02:09.179Z	Stripe	reachable
2026-09-12T08:02:09.179Z	WorldQuant	reachable
2026-09-12T08:02:09.179Z	Datadog	reachable
2026-09-12T08:02:09.179Z	Twilio	reachable
2026-09-12T08:02:09.179Z	Coinbase	reachable
2026-09-12T08:02:09.179Z	GitLab	reachable
2026-09-12T08:02:09.179Z	Okta	reachable
2026-09-12T08:02:09.179Z	Block	reachable
2026-09-12T08:02:09.179Z	DoorDash	reachable
2026-09-12T08:02:09.179Z	ServiceNow	reachable
2026-09-12T08:02:09.179Z	Grab	reachable
2026-09-12T08:02:09.179Z	Swiggy	reachable
2026-09-12T08:02:09.179Z	Whatfix	reachable
2026-09-12T08:02:09.179Z	Freshworks	reachable
2026-09-12T08:02:09.179Z	SanDisk	reachable
2026-09-12T08:02:09.179Z	Confluent	reachable
2026-09-12T08:02:09.179Z	LG Ad Solutions	reachable
2026-09-12T08:02:09.179Z	Adobe	reachable
2026-09-12T08:02:09.179Z	Broadcom	reachable
2026-09-12T08:02:09.179Z	BrowserStack	reachable
2026-09-12T08:02:09.179Z	Cloud Software Group	reachable
2026-09-12T08:02:09.179Z	Nvidia	reachable
2026-09-12T08:02:09.179Z	Salesforce	reachable
2026-09-12T08:02:09.179Z	Oracle	reachable
2026-09-12T08:02:09.179Z	JPMorgan Chase	reachable
2026-09-12T08:02:09.179Z	Nutanix	reachable
2026-09-12T08:02:09.179Z	GitHub	empty
2026-09-12T08:02:09.179Z	Microsoft	reachable
2026-09-12T08:02:09.179Z	Amazon	reachable
2026-09-12T08:02:09.179Z	Razorpay	reachable
2026-09-12T08:02:09.179Z	Shopify	reachable
2026-09-12T08:02:09.179Z	ARM	reachable
2026-09-12T08:02:09.179Z	Sumo Logic	reachable
2026-09-12T08:02:09.179Z	Box8	reachable
2026-09-12T08:02:09.179Z	Aviso	reachable
2026-09-12T08:02:09.179Z	CodeNation	reachable
2026-09-12T08:02:09.179Z	Harness	reachable
2026-09-12T08:02:09.179Z	Rippling	reachable
2026-09-12T08:02:09.179Z	CRED	reachable
2026-09-12T08:02:09.179Z	Paytm	reachable
2026-09-12T08:02:09.179Z	Zeta	reachable
2026-09-12T08:02:09.179Z	Groupon	reachable
2026-09-12T08:02:09.179Z	Snowflake	reachable
2026-09-12T08:02:09.179Z	Truecaller	reachable
2026-09-12T08:02:09.179Z	Agoda	reachable
2026-09-12T08:02:09.179Z	Databricks	reachable
2026-09-12T08:02:09.179Z	Spotify	reachable
2026-09-12T08:02:09.179Z	Yelp	reachable
2026-09-12T08:25:33.096Z	LinkedIn	reachable
2026-09-12T08:25:33.096Z	InMobi	reachable
2026-09-12T08:25:33.096Z	Airbnb	reachable
2026-09-12T08:25:33.096Z	Bloomreach	reachable
2026-09-12T08:25:33.096Z	Instabase	reachable
2026-09-12T08:25:33.096Z	Postman	reachable
2026-09-12T08:25:33.096Z	Rubrik	reachable
2026-09-12T08:25:33.096Z	Stripe	reachable
2026-09-12T08:25:33.096Z	WorldQuant	reachable
2026-09-12T08:25:33.096Z	Datadog	reachable
2026-09-12T08:25:33.096Z	Twilio	reachable
2026-09-12T08:25:33.096Z	Coinbase	reachable
2026-09-12T08:25:33.096Z	GitLab	reachable
2026-09-12T08:25:33.096Z	Okta	reachable
2026-09-12T08:25:33.096Z	Block	reachable
2026-09-12T08:25:33.096Z	DoorDash	reachable
2026-09-12T08:25:33.096Z	Razorpay	reachable
2026-09-12T08:25:33.096Z	Arcesium	reachable
2026-09-12T08:25:33.096Z	ServiceNow	reachable
2026-09-12T08:25:33.096Z	Grab	reachable
2026-09-12T08:25:33.096Z	Swiggy	reachable
2026-09-12T08:25:33.096Z	Whatfix	reachable
2026-09-12T08:25:33.096Z	Freshworks	reachable
2026-09-12T08:25:33.096Z	SanDisk	reachable
2026-09-12T08:25:33.096Z	Visa	empty
2026-09-12T08:25:33.096Z	Confluent	reachable
2026-09-12T08:25:33.096Z	LG Ad Solutions	reachable
2026-09-12T08:25:33.096Z	Adobe	reachable
2026-09-12T08:25:33.096Z	Broadcom	reachable
2026-09-12T08:25:33.096Z	BrowserStack	reachable
2026-09-12T08:25:33.096Z	Cloud Software Group	reachable
2026-09-12T08:25:33.096Z	Nvidia	reachable
2026-09-12T08:25:33.096Z	Salesforce	reachable
2026-09-12T08:25:33.096Z	Expedia	reachable
2026-09-12T08:25:33.096Z	Walmart	reachable
2026-09-12T08:25:33.096Z	Intel	reachable
2026-09-12T08:25:33.096Z	Mastercard	reachable
2026-09-12T08:25:33.096Z	Red Hat	reachable
2026-09-12T08:25:33.096Z	Palo Alto Networks	reachable
2026-09-12T08:25:33.096Z	Zoom	reachable
2026-09-12T08:25:33.096Z	Oracle	reachable
2026-09-12T08:25:33.096Z	JPMorgan Chase	reachable
2026-09-12T08:25:33.096Z	Nutanix	reachable
2026-09-12T08:25:33.096Z	GitHub	empty
2026-09-12T08:25:33.096Z	Atlassian	empty
2026-09-12T08:25:33.096Z	Microsoft	reachable
2026-09-12T08:25:33.096Z	Amazon	reachable
2026-09-12T08:25:33.096Z	PayPal	auth
2026-09-12T08:25:33.096Z	Qualcomm	auth
2026-09-12T08:25:33.096Z	Juniper Networks	auth
2026-09-12T08:25:33.096Z	Intuit	reachable
2026-09-12T08:25:33.096Z	Cisco	reachable
2026-09-12T08:25:33.096Z	SAP Labs	reachable
2026-09-12T08:25:33.096Z	ByteDance	network
2026-09-12T08:25:33.096Z	Shopify	reachable
2026-09-12T08:25:33.096Z	ARM	reachable
2026-09-12T08:25:33.096Z	Sumo Logic	reachable
2026-09-12T08:25:33.096Z	Box8	reachable
2026-09-12T08:25:33.096Z	Aviso	reachable
2026-09-12T08:25:33.096Z	CodeNation	reachable
2026-09-12T08:25:33.096Z	Harness	reachable
2026-09-12T08:25:33.096Z	Rippling	reachable
2026-09-12T08:25:33.096Z	CRED	reachable
2026-09-12T08:25:33.096Z	Paytm	reachable
2026-09-12T08:25:33.096Z	Zeta	reachable
2026-09-12T08:25:33.096Z	Groupon	reachable
2026-09-12T08:25:33.096Z	Snowflake	reachable
2026-09-12T08:25:33.096Z	Truecaller	reachable
2026-09-12T08:25:33.096Z	Agoda	reachable
2026-09-12T08:25:33.096Z	Databricks	reachable
2026-09-12T08:25:33.096Z	Spotify	reachable
2026-09-12T08:25:33.096Z	Yelp	reachable
